{
  "auc": 0.9526875547431755,
  "avg_precision": 0.9692172169942346,
  "val_size": 3200
}