{
  "auc": 0.9296416912383068,
  "avg_precision": 0.9502109336693475,
  "val_size": 3200
}