{
  "tau_high": 0.7807164981037636,
  "tau_low": 0.41802601698890124,
  "tau_balanced": 0.5
}