{
  "tau_high": 0.5711161528061396,
  "tau_low": 0.33733483048072244,
  "tau_balanced": 0.5
}